,name,state,latitude,longitude,review_rating,difficulty_rank
0,Hokkaido University,Hokaido,43.070446,141.347153,4.16,A
1,Hokkaido University of Education,Hokaido,43.170498,141.393753,3.79,D
2,Muroran Institute of Technology,Hokaido,42.378716,141.034042,3.66,F
3,Otaru University of Commerce,Hokaido,43.190952,140.97937,3.8,C
4,Obihiro University of Agriculture And Veterinary Medicine,Hokaido,42.872356,143.177979,4.2,B
5,Asahikawa Medical University,Hokaido,43.730633,142.381897,3.93,B
6,Kitami Institute of Technology,Hokaido,43.822479,143.905716,3.66,E
7,Hirosaki University,Aomori,40.587959,140.472061,3.84,D
8,Iwate University,Iwate,39.712715,141.137711,3.89,D
9,Tohoku University,Miyagi,38.252632,140.873932,4.18,A
10,Miyagi University of Education,Miyagi,38.258968,140.830948,3.95,D
11,Akita University,Akita,39.726997,140.134094,3.8,D
12,Yamagata University,Yamagata,38.246128,140.349655,3.76,D
13,Fukushima University,Fukushima,37.682877,140.454041,3.72,E
14,Ibaraki University,Ibaraki,36.401237,140.442764,3.81,D
15,University of Tsukuba,Ibaraki,36.108723,140.100632,4.17,A
16,Tsukuba University of Technology,Ibaraki,36.10537,140.110474,4.12,F
17,Utsunomiya University,Tochigi,36.550312,139.914886,3.95,C
18,Gunma University,Gunma,36.430313,139.045197,3.88,C
19,Saitama University,Saitama,35.862579,139.608246,3.88,C
20,Chiba University,Chiba,35.625977,140.103653,4.07,B
21,The University of Tokyo,Tokyo,35.714146,139.763214,4.34,S
22,Tokyo Medical And Dental University,Tokyo,35.701828,139.765274,4.23,A
23,Tokyo University of Foreign Studies,Tokyo,35.672707,139.521042,4.19,A
24,Tokyo Gakugei University,Tokyo,35.706203,139.49176,4.08,B
25,Tokyo University of Agriculture And Technology,Tokyo,35.683945,139.478668,4.0,B
26,Tokyo University of The Arts,Tokyo,35.719269,139.772217,4.25,B
27,Tokyo Institute of Technology,Tokyo,35.606895,139.684875,4.25,S
28,Tokyo University of Marine Science And Technology,Tokyo,35.626247,139.746521,4.16,C
29,Ochanomizu University,Tokyo,35.71973,139.733475,4.3,A
30,The University of Electro - Communications,Tokyo,35.657433,139.544327,3.92,B
31,Hitotsubashi University,Tokyo,35.694389,139.443649,4.26,S
32,Yokohama National University,Kanagawa,35.476898,139.591476,3.9,A
33,Niigata University,Niigata,37.867237,138.943573,3.86,C
34,Nagaoka University of Technology,Niigata,37.424774,138.778793,3.95,E
35,Joetsu University of Education,Niigata,37.134945,138.22644,4.09,C
36,University of Toyama,Toyama,36.699642,137.187057,3.81,C
37,Kanazawa University,Ishikawa,36.545948,136.709442,3.76,C
38,University of Fukui,Fukui,36.074238,136.212402,3.83,C
39,University of Yamanashi,Yamanashi,35.678509,138.57341,3.82,D
40,Shinshu University,Nagano,36.249428,137.978943,3.93,C
41,Gifu University,Gifu,35.46553,136.737625,3.93,C
42,National University Corporation Shizuoka University,Shizuoka,34.966625,138.431412,3.94,C
43,Hamamatsu University School of Medicine,Shizuoka,34.76965,137.74408,3.89,S
44,Nagoya University,Aichi,35.155655,136.964676,4.22,A
45,Aichi University of Education,Aichi,35.051189,137.049667,3.87,C
46,Nagoya Institute of Technology,Aichi,35.156868,136.925232,4.01,B
47,Toyohashi University of Technology,Aichi,34.70142,137.408173,3.87,C
48,Mie University,Mie,34.745785,136.523224,3.94,C
49,Shiga University,Shiga,35.278313,136.247208,3.83,C
50,Shiga University of Medical Science,Shiga,34.974438,135.946915,3.88,A
51,Kyoto University,Kyoto,35.026962,135.781967,4.2,S
52,Kyoto University of Education,Kyoto,34.951603,135.773636,3.99,C
53,Kyoto Institute of Technology,Kyoto,35.049767,135.78334,4.04,B
54,Osaka University,Osaka,34.819496,135.521164,4.12,A
55,Osaka Kyoiku University,Osaka,34.552101,135.64679,3.99,C
56,Hyogo University of Teacher Education,Hyogo,34.912304,135.016373,3.83,C
57,Kobe University,Hyogo,34.726303,135.23613,3.99,A
58,Nara University of Education,Nara,34.675354,135.847336,3.91,C
59,Nara Women’s University,Nara,34.688999,135.830185,4.06,B
60,Wakayama University,Wakayama,34.266689,135.151962,3.86,C
61,Tottori University,Tottori,35.515392,134.17305,3.83,C
62,Shimane University,Shimane,35.486992,133.068192,3.84,D
63,Okayama University,Okayama,34.686493,133.917404,4.02,C
64,Hiroshima University,Hiroshima,34.400768,132.713654,4.04,B
65,Yamaguchi University,Yamaguchi,34.147755,131.467514,3.83,C
66,Tokushima University,Tokushima,34.069912,134.55983,3.81,C
67,Naruto University of Education,Tokushima,34.203056,134.605515,4.16,C
68,Kagawa University,Kagawa,34.343601,134.038727,3.89,C
69,Ehime University,Ehime,33.852291,132.773804,3.93,D
70,Kochi University,Kochi,33.550621,133.488892,3.98,D
71,University of Teacher Education Fukuoka,Fukuoka,33.812565,130.593628,3.86,C
72,Kyushu University,Fukuoka,33.597153,130.223312,4.04,A
73,Kyushu Institute of Technology,Fukuoka,33.891369,130.838516,3.83,C
74,Saga University,Saga,33.224899,130.288223,3.82,C
75,Nagasaki University,Nagasaki,32.785553,129.862564,3.88,C
76,Kumamoto University,Kumamoto,32.81321,130.727722,3.93,C
77,Oita University,Oita,33.174316,131.612869,3.89,C
78,University of Miyazaki,Miyazaki,31.828053,131.414993,3.92,C
79,Kagoshima University,Kagoshima,31.572577,130.546463,4.02,D
80,National Institute of Fitness And Sports In Kanoya,Kagoshima,31.395185,130.78717,4.05,D
81,University of The Ryukyus,Okinawa,26.24585,127.758453,3.91,D
82,National Graduate Institute For Policy Studies,Tokyo,35.664024,139.726776,5.0,
83,"The Graduate University for Advanced Studies, SOKENDAI",Kanagawa,35.272079,139.586166,4.58,
84,Japan Advanced Institute of Science And Technology,Ishikawa,36.442867,136.59256,3.58,
85,Nara Institute of Science And Technology,Nara,34.735664,135.731369,4.12,
86,Sapporo Medical University,Hokaido,43.056129,141.331436,4.09,B
87,Future University Hakodate,Hokaido,41.841949,140.766815,4.01,E
88,Kushiro Public University of Economics,Hokaido,43.018459,144.393768,3.47,E
89,Nayoro City University,Hokaido,44.364567,142.458801,4.05,C
90,SAPPORO CITY UNIVERSITY,Hokaido,42.944695,141.341125,3.94,C
91,Chitose Institute of Science And Technology,Hokaido,42.787975,141.699905,3.89,D
92,Aomori Public University,Aomori,40.754196,140.769241,3.8,E
93,Aomori University of Health And Welfare,Aomori,40.814526,140.792755,4.26,D
94,Iwate Prefectural University,Iwate,39.799114,141.131531,3.95,C
95,Miyagi Akita Prefectural University,Miyagi,38.3489,140.840469,3.8,D
96,Akita Prefectural University,Akita,39.804924,140.047287,3.93,E
97,Akita International University,Akita,39.62706,140.181107,4.18,S
98,Akita University of Art,Akita,39.685692,140.090866,3.75,D
99,Yamagata Prefectural University of Health Sciences,Yamagata,38.296722,140.346436,4.03,
100,Yamagata Prefectural Yonezawa University of Nutrition Sciences,Yamagata,37.891335,140.124496,3.9,D
101,Fukushima Medical University,Fukushima,37.689926,140.471603,3.96,C
102,The University of Aizu,Fukushima,37.523617,139.937897,4.06,E
103,Ibaraki Prefectural University of Health Sciences,Ibaraki,36.026962,140.210724,4.09,C
104,Takasaki City University of Economics,Gunma,36.34544,138.977264,3.67,C
105,Maebashi Institute of Technology,Gunma,36.363926,139.080566,3.69,E
106,Gunma Prefectural Women’s University,Gunma,36.29763,139.112442,4.17,C
107,Gunma Prefectural College of Health Sciences,Gunma,36.403595,139.095078,4.23,C
108,Saitama Prefectural University,Saitama,35.929996,139.756241,4.13,C
109,Chiba Prefectural University of Health Sciences,Chiba,35.651989,140.052032,3.66,
110,Tokyo Metropolitan University,Tokyo,35.616882,139.376968,4.06,B
111,Advanced Institute of Industrial Technology,Tokyo,35.605923,139.747803,3.65,
112,Yokohama City University,Kanagawa,35.333984,139.617783,3.87,A
113,Kanagawa University of Human Services,Kanagawa,35.273666,139.68071,4.14,C
114,Niigata College of Nursing,Niigata,37.10453,138.269821,4.05,C
115,University of Niigata Prefecture,Niigata,37.923443,139.127274,4.04,C
116,Nagaoka Institute of Design,Niigata,37.467224,138.830521,4.1,C
117,SANJO CITY UNIVERSITY,Niigata,37.643047,138.932938,,E
118,Toyama Prefectural University,Toyama,36.707066,137.097382,3.72,E
119,Komatsu University,Ishikawa,36.354458,136.416809,3.55,C
120,Ishikawa Prefectural University,Ishikawa,36.506672,136.597122,3.78,D
121,Kanazawa College of Art,Ishikawa,36.555538,136.677475,4.0,C
122,Ishikawa Prefectural Nursing University,Ishikawa,36.780563,136.73378,3.82,C
123,Fukui Prefectural University,Fukui,36.109333,136.277328,3.66,D
124,Tsuruga Nursing University,Fukui,35.641552,136.043198,3.89,C
125,Tsuru University,Yamanashi,35.539513,138.897522,3.83,B
126,Yamanashi Prefectural University,Yamanashi,35.663467,138.55629,3.8,C
127,Suwa University of Science,Nagano,36.009003,138.184799,3.85,D
128,The University of Nagano,Nagano,36.665031,138.200287,3.82,C
129,Nagano College of Nursing,Nagano,35.745735,137.933121,3.87,D
130,Nagano University,Nagano,36.372154,138.223236,3.57,C
131,Gifu Pharmaceutical University,Gifu,35.467346,136.733551,3.83,B
132,Gifu College of Nursing,Gifu,35.306019,136.685806,3.79,C
133,Institute of Advanced Media Arts and Sciences,Gifu,35.368057,136.638962,4.0,
134,Shizuoka Professional University of Agriculture,Shizuoka,34.729942,137.843948,3.0,C
135,University of Shizuoka,Shizuoka,34.995667,138.444092,3.96,C
136,Shizuoka University of Art And Culture,Shizuoka,34.713261,137.737991,4.15,C
137,Shizuoka Graduate University of Public Health,Shizuoka,35.003246,138.386093,,
138,Nagoya City University,Aichi,35.139385,136.935196,3.9,B
139,Aichi University of The Arts,Aichi,35.165203,137.05867,3.93,D
140,Aichi Prefectural University,Aichi,35.181957,137.087143,3.99,C
141,Mie Prefectural College of Nursing,Mie,34.759846,136.488571,3.92,C
142,The University of Shiga Prefecture,Shiga,35.259586,136.218903,3.96,C
143,Kyoto City University of Arts,Kyoto,34.974239,135.664642,4.04,C
144,Kyoto Prefectural University,Kyoto,35.050365,135.75975,4.03,B
145,Kyoto Prefectural University of Medicine,Kyoto,35.029552,135.756714,4.0,A
146,The University of Fukuchiyama,Kyoto,35.284485,135.127457,3.46,D
147,Osaka Metropolitan University,Osaka,34.646618,135.510162,4.03,
148,Osaka City University,Osaka,34.591904,135.505142,3.95,
149,Osaka Prefecture University,Osaka,34.547966,135.505569,3.89,
150,Kobe City University of Foreign Studies,Hyogo,34.679649,135.059891,4.03,B
151,Kobe City College of Nursing,Hyogo,34.687214,135.053818,4.15,C
152,University of Hyogo,Hyogo,34.678242,135.051086,3.72,C
153,Professional College of Arts and Tourism,Hyogo,35.539219,134.816208,3.0,D
154,Nara Medical University,Nara,34.503887,135.792542,3.63,A
155,Nara Prefectural University,Nara,34.687683,135.82103,3.54,C
156,Wakayama Medical University,Wakayama,34.187664,135.181717,3.98,B
157,Tottori University of Environmental Studies,Tottori,35.450813,134.25531,3.86,D
158,The University of Shimane,Shimane,34.885452,132.077423,3.8,C
159,Okayama Prefectural University,Okayama,34.692059,133.780289,3.96,C
160,Niimi University,Okayama,34.998795,133.439957,4.28,C
161,Prefectural University of Hiroshima,Hiroshima,34.367306,132.469666,4.0,D
162,Onomichi City University,Hiroshima,34.426105,133.162537,3.76,C
163,Hiroshima City University,Hiroshima,34.438053,132.415192,3.87,C
164,Fukuyama City University,Hiroshima,34.481747,133.381149,3.66,C
165,Eikei University of Hiroshima,Hiroshima,34.396297,132.468719,4.0,D
166,Shimonoseki City University,Yamaguchi,33.987431,130.933365,3.62,D
167,Yamaguchi Prefectural University,Yamaguchi,34.194012,131.498642,3.99,C
168,Sanyo-Onoda City University,Yamaguchi,33.957043,131.187805,3.71,D
169,Kagawa Prefectural University of Health Sciences,Kagawa,34.321964,134.158371,4.15,C
170,Ehime Prefectural University of Health Sciences,Ehime,33.780685,132.798233,4.18,C
171,University of Kochi,Kochi,33.53101,133.580902,4.01,C
172,Kochi University of Technology,Kochi,33.620975,133.719894,4.02,D
173,The University of Kitakyushu,Fukuoka,33.843643,130.878265,3.83,D
174,Kyushu Dental University,Fukuoka,33.871742,130.853775,3.82,D
175,Fukuoka Women's University,Fukuoka,33.665958,130.438522,4.09,C
176,Fukuoka Prefectural University,Fukuoka,33.649834,130.814484,3.88,C
177,University of Nagasaki,Nagasaki,33.186432,129.665451,3.74,D
178,Prefectural University of Kumamoto,Kumamoto,32.806938,130.764236,3.8,C
179,Oita University of Nursing And Health Sciences,Oita,33.154671,131.557205,3.73,
180,Miyazaki Municipal University,Miyazaki,31.925987,131.417236,3.9,D
181,Miyazaki Prefectural Nursing University,Miyazaki,31.857765,131.41423,4.21,C
182,Meio University,Okinawa,26.6168,127.969719,3.87,E
183,Okinawa Prefectural University of Arts,Okinawa,26.219156,127.718552,3.92,D
184,Okinawa Prefectural College of Nursing,Okinawa,26.206566,127.694443,4.08,D
185,Shunan　University,Yamaguchi,34.047821,131.84494,3.4,D
186,Kawasaki City College of Nursing,Kanagawa,35.536179,139.669891,3.0,C
187,Sapporo　University,Hokaido,43.010437,141.387207,3.79,F
188,Sapporo　Gakuin　University,Hokaido,43.067093,141.492981,3.85,F
189,Hakodate　University,Hokaido,41.78883,140.806671,3.55,F
190,Fuji　Women’s　University,Hokaido,43.079823,141.350479,3.98,F
191,Hokusei　Gakuen　University,Hokaido,43.023792,141.448715,3.9,D
192,Hokkai　-　Gakuen　University,Hokaido,43.046837,141.369034,3.81,E
193,Hokkaido　University　of　Science,Hokaido,43.134399,141.246552,3.77,E
194,Rakuno　Gakuen　University,Hokaido,43.071857,141.508728,3.77,E
195,AsahikawaUniversity,Hokaido,43.817345,142.445099,3.74,
196,Health　Sciences　University　of　Hokkaido,Hokaido,43.246895,141.561859,3.89,E
197,Hokkai　School　of　Commerce,Hokaido,43.047962,141.370026,3.61,F
198,Seisa　Dohto　University,Hokaido,42.980564,141.538483,3.87,F
199,Hokkaido　Information　University,Hokaido,43.078266,141.537704,3.83,E
200,Sapporo　International　University,Hokaido,43.002434,141.424561,3.85,F
201,Hokusho　University,Hokaido,43.063904,141.489609,3.96,F
202,Hokuyo University,Hokaido,42.600338,141.464294,3.97,F
203,Japanese　Red　Cross　Hokkaido　College　of　Nursing,Hokaido,43.830696,143.908508,3.94,F
204,Hokkaido　Bunkyo　University,Hokaido,42.890831,141.591461,3.62,F
205,Tenshi　College,Hokaido,43.077644,141.357895,4.02,D
206,Ikueikan　University,Hokaido,45.383553,141.718567,4.43,F
207,Sapporo　Otani　University,Hokaido,43.082176,141.36557,3.94,F
208,Sapporo　University　of　Health　Sciences,Hokaido,43.132084,141.41246,3.63,F
209,Japan　HealthCare　University,Hokaido,43.028351,141.409714,3.54,F
210,Hokkaido　Chitose　College　of　Rehabilitation,Hokaido,42.785515,141.598404,3.69,F
211,Aomori　University,Aomori,40.783684,140.78096,3.5,F
212,Shibata Gakuen University,Aomori,40.581272,140.485275,3.92,F
213,Hirosaki　Gakuin　University,Aomori,40.581535,140.465637,3.41,F
214,Hachinohe　Institute　of　Technology,Aomori,40.479317,141.562363,3.61,F
215,Hachinohe　Gakuin　University,Aomori,40.486752,141.571655,3.69,F
216,Aomori　Chuo　Gakuin　University,Aomori,40.783215,140.76239,3.66,F
217,Hirosaki　University　of　Health　and　Welfare,Aomori,40.588799,140.500473,3.71,F
218,Iwate　Medical　University,Iwate,39.613033,141.161285,3.57,D
219,Fuji　University,Iwate,39.361206,141.102646,3.63,F
220,The　University　of　Morioka,Iwate,39.816113,141.137207,3.78,F
221,Iwate　University　of　Health　and　Medical　Sciences,Iwate,39.703228,141.131851,3.33,F
222,Sendai　University,Miyagi,38.051693,140.771561,3.63,F
223,Tohoku　Gakuin　University,Miyagi,38.249531,140.877304,3.75,D
224,Tohoku　Institute　of　Technology,Miyagi,38.245861,140.852432,3.62,F
225,Tohoku　Fukushi　University,Miyagi,38.280109,140.847824,3.78,E
226,Tohoku　Medical　And　Pharmaceutical　University,Miyagi,38.285049,140.885559,3.74,C
227,Tohoku　Seikatsu　Bunka　University,Miyagi,38.302814,140.87027,3.64,F
228,Miyagi　Gakuin　Women’s　University,Miyagi,38.307381,140.853912,3.9,F
229,Ishinomaki　Senshu　University,Miyagi,38.454735,141.295639,3.65,F
230,Sendai　Shirayuri　Women’s　College,Miyagi,38.3214,140.902542,3.58,F
231,Tohoku　Bunka　Gakuen　University,Miyagi,38.277546,140.834534,3.69,F
232,Shokei　Gakuin　University,Miyagi,38.196583,140.830078,3.82,F
233,North　Asia　University,Akita,39.716419,140.157944,3.26,F
234,Akita　University　of　Nursing　And　Welfare,Akita,40.281265,140.554398,4.15,F
235,Japanese　Red　Cross　Akita　College　of　Nursing,Akita,39.685078,140.155457,3.84,F
236,Tohoku　University　of　Art　&　Design,Yamagata,38.218594,140.344955,4.12,C
237,Tohoku　University　of　Community　Service　And　Science,Yamagata,38.892662,139.817368,3.48,F
238,Tohoku　Bunkyo　College,Yamagata,38.209637,140.303146,3.82,F
239,Koriyama　Women’s　University,Fukushima,37.396683,140.352661,3.76,F
240,Ohu　University,Fukushima,37.41716,140.37413,3.55,F
241,Iryo Sosei University,Fukushima,37.018524,140.918915,3.46,F
242,Higashi　Nippon　International　University,Fukushima,37.057358,140.907944,3.85,F
243,Fukushima　College,Fukushima,37.799988,140.487549,3.86,F
244,Ibaraki　Christian　University,Ibaraki,36.514248,140.617523,3.87,E
245,Ryutsu　Keizai　University,Ibaraki,35.920582,140.168472,3.71,F
246,Tokiwa　University,Ibaraki,36.382111,140.438705,3.75,F
247,Tsukuba　International　University,Ibaraki,36.107651,140.198837,3.68,F
248,Tsukuba　Gakuin　University,Ibaraki,36.087753,140.107864,3.53,
249,Nihon　Wellness　Sports　University,Ibaraki,35.859886,140.145737,3.58,F
250,Ashikaga　University,Tochigi,36.35326,139.396027,3.66,F
251,Hakuoh　University,Tochigi,36.313366,139.807495,3.9,E
252,Sakushin　Gakuin　University,Tochigi,36.544083,139.973999,3.83,F
253,International　University　of　Health　And　Welfare,Tochigi,36.87048,140.069229,3.92,D
254,Utsunomiya　Kyowa　University,Tochigi,36.560459,139.890869,3.87,F
255,Bunsei　University　of　Art,Tochigi,36.598911,139.859558,3.8,F
256,Jichi　Medical　University,Tochigi,36.4034,139.858521,4.1,B
257,Dokkyo　Medical　University,Tochigi,36.472305,139.825363,3.95,B
258,Ikuei　University,Gunma,36.349194,139.050339,3.81,F
259,Kiryu　University,Gunma,36.378597,139.295685,3.43,F
260,Gunma　Paz　University,Gunma,36.349514,139.008804,3.79,E
261,Gunma　University　of　Health　And　Welfare,Gunma,36.355843,139.047913,3.49,E
262,Takasaki　University　of　Health　And　Welfare,Gunma,36.324902,139.054886,3.76,E
263,Takasaki　University　of　Commerce,Gunma,36.28566,139.034241,3.85,E
264,Jobu　University,Gunma,36.279305,139.176224,3.6,F
265,Kanto　Gakuen　University,Gunma,36.286465,139.356094,3.72,F
266,KYOAI　GAKUEN　UNIVERSITY,Gunma,36.35886,139.144562,3.96,E
267,Nihon　Institute　of　Medical　Science,Saitama,35.931942,139.343781,3.16,E
268,Nihon　Pharmaceutical　University,Saitama,35.991798,139.617203,3.44,F
269,Musashino　Gakuin　University,Saitama,35.866592,139.387009,3.71,F
270,Urawa　University,Saitama,35.890373,139.712662,4.04,F
271,Institute　of　Technologists,Saitama,36.115143,139.456436,3.83,F
272,Kyoei　University,Saitama,35.995708,139.722092,3.53,F
273,Saitama　Gakuen　University,Saitama,35.857311,139.713959,3.65,F
274,Shobi　University,Saitama,35.906914,139.460602,3.65,F
275,University　of　Human　Arts　And　Sciences,Saitama,35.970203,139.658371,3.61,F
276,Bunri　University　of　Hospitality,Saitama,35.891426,139.418518,3.49,F
277,Jumonji　University,Saitama,35.799313,139.552094,3.81,F
278,Heisei　International　University,Saitama,36.096184,139.637634,3.74,F
279,Tokyo International University,Saitama,35.927303,139.437866,3.96,F
280,Josai　University,Saitama,35.933132,139.34201,3.52,F
281,Toho　College　of　Music,Saitama,35.896595,139.523529,4.02,
282,Dokkyo　University,Saitama,35.83942,139.794189,3.95,C
283,Nippon　Institute　of　Technology,Saitama,36.026604,139.713486,3.66,F
284,Meikai　University,Saitama,35.933132,139.34201,3.77,E
285,Saitama　Medical　University,Saitama,35.936001,139.304062,3.8,D
286,Saitama　Institute　of　Technology,Saitama,36.19603,139.238739,3.59,F
287,Surugadai　University,Saitama,35.835243,139.334778,3.75,E
288,Seigakuin　University,Saitama,35.937756,139.595535,3.7,F
289,Kagawa　Nutrition　University,Saitama,35.952763,139.410965,4.12,E
290,Tohto　University,Saitama,36.18111,139.298462,3.46,F
291,Japan　University　of　Health　Sciences,Saitama,36.071983,139.73082,3.33,F
292,Chiba　Institute　of　Science,Chiba,35.701206,140.846268,3.31,F
293,Aikoku　Gakuen　University,Chiba,35.666553,140.157578,3.68,F
294,Kaichi　International　University,Chiba,35.862244,139.987976,4.07,F
295,Seiwa　University,Chiba,35.376106,139.958008,3.19,F
296,Josai　International　University,Chiba,35.580254,140.395966,3.61,F
297,Shukutoku　University,Chiba,35.574577,140.144501,3.81,E
298,Keiai　University,Chiba,35.633312,140.103821,3.74,F
299,Chiba　Institute　of　Technology,Chiba,35.688942,140.021255,3.75,D
300,Chiba　University　of　Commerce,Chiba,35.742493,139.907028,3.69,E
301,Chuogakuin　University,Chiba,35.8829,140.01796,3.76,F
302,Reitaku　University,Chiba,35.831802,139.951187,3.81,E
303,Wayo　Women’s　University,Chiba,35.742989,139.904266,4.05,F
304,International　Budo　University,Chiba,35.161568,140.322876,3.59,F
305,Kanda　University　of　International　Studies,Chiba,35.656132,140.042236,4.05,D
306,Chiba　Keizai　University,Chiba,35.62973,140.109146,3.65,E
307,Shumei　University,Chiba,35.77285,140.099426,3.93,E
308,Kawamura　Gakuen　Woman’s　University,Chiba,35.875843,140.053757,3.51,F
309,Tokyo　University　of　Information　Sciences,Chiba,35.637684,140.203354,3.83,E
310,Tokyo　Christian　University,Chiba,35.789703,140.125168,4.23,
311,Seitoku　University,Chiba,35.783543,139.903381,3.6,F
312,Edogawa　University,Chiba,35.877056,139.938934,3.57,E
313,Ryotokuji　University,Chiba,35.639462,139.926636,3.66,E
314,Uekusa　Gakuen　University,Chiba,35.634373,140.181976,3.88,F
315,Saniku　Gakuin　College,Chiba,35.243866,140.262909,4.08,F
316,Kameda University　of　Health　Sciences,Chiba,35.102497,140.100525,3.31,F
317,Tokyo　University　of　Social　Welfare,Gunma,36.285713,139.194138,3.82,F
318,Atomi　University,Tokyo,35.71693,139.734116,3.83,E
319,Bunkyo　University,Tokyo,35.605209,139.705902,3.89,D
320,Bunkyo　Gakuin　University,Tokyo,35.718536,139.757568,3.74,F
321,Mejiro　University,Tokyo,35.716835,139.681244,3.51,E
322,Tokyo　Seitoku　University,Tokyo,35.756275,139.72403,3.87,F
323,Toyo　Gakuen　University,Tokyo,35.704567,139.757568,3.54,F
324,Teikyo　Heisei　University,Tokyo,35.732563,139.718811,3.8,E
325,Aoyama　Gakuin　University,Tokyo,35.6618,139.708862,4.03,A
326,Ueno　Gakuen　University,Tokyo,35.715767,139.782227,3.69,
327,Otsuma　Women’s　University,Tokyo,35.69109,139.742264,3.95,D
328,Gakushuin　University,Tokyo,35.721264,139.707245,4.11,B
329,Kitasato University,Tokyo,35.645351,139.725525,3.98,D
330,Kyoritsu　Women’s　University,Tokyo,35.693314,139.757553,3.92,D
331,Keio　University,Tokyo,35.649147,139.742828,4.19,S
332,Kogakuin　University,Tokyo,35.690514,139.695648,3.64,B
333,Kokugakuin　University,Tokyo,35.655972,139.711365,3.91,
334,Kokushikan　University,Tokyo,35.646896,139.653458,3.75,D
335,Komazawa　University,Tokyo,35.628857,139.65863,3.73,C
336,Jissen　Women’s　University,Tokyo,35.67152,139.38974,3.92,D
337,Shibaura　Institute　of　Technology,Tokyo,35.659737,139.794281,3.94,C
338,Juntendo　University,Tokyo,35.701954,139.761734,4.07,C
339,Sophia　University,Tokyo,35.683189,139.732742,4.2,A
340,Showa　University,Tokyo,35.60899,139.704071,3.91,C
341,Showa　Women’s　University,Tokyo,35.645466,139.675186,3.94,C
342,Showa　Pharmaceutical　University,Tokyo,35.55368,139.470673,3.55,C
343,Joshibi　University　of　Art　And　Design,Tokyo,35.693089,139.662079,4.0,E
344,Sugino　Fashion　College,Tokyo,35.631489,139.71553,3.51,F
345,Seijo　University,Tokyo,35.642353,139.600174,3.81,B
346,"University　of　The　Sacred　Heart,　Tokyo",Tokyo,35.653835,139.717285,4.33,D
347,Seisen　University,Tokyo,35.626957,139.729797,4.15,E
348,St.Luke’s　International　University,Tokyo,35.668316,139.775391,4.41,A
349,Senshu　University,Tokyo,35.6968,139.753876,3.74,C
350,Taisho　University,Tokyo,35.741486,139.728256,3.8,E
351,Daito　Bunka　University,Tokyo,35.782089,139.667938,3.69,E
352,Takachiho　University,Tokyo,35.682804,139.638245,3.56,F
353,Takushoku　University,Tokyo,35.715481,139.737274,3.64,E
354,Tama　Art　University,Tokyo,35.61409,139.637085,3.95,D
355,Chuo　University,Tokyo,35.638794,139.399811,3.91,B
356,Tokai　University,Kanagawa,35.359573,139.271378,3.8,E
357,Tokyo　Medical　University,Tokyo,35.69355,139.71225,3.9,A
358,Tokyo　Kasei　University,Tokyo,35.756275,139.719482,3.95,E
359,Tokyo　Kasei　Gakuin　University,Tokyo,35.60841,139.310562,3.57,F
360,Tokyo　Dental　College,Tokyo,35.701309,139.754852,4.16,B
361,The　Jikei　University　School　of　Medicine,Tokyo,35.662537,139.75029,4.28,A
362,Tokyo　Woman's　Christian　University,Tokyo,35.709896,139.591202,3.93,C
363,Tokyo　Women’s　Medical　University,Tokyo,35.696342,139.719635,4.29,C
364,Tokyo　Denki　University,Tokyo,35.748764,139.806381,3.68,C
365,Tokyo　University　of　Agriculture,Tokyo,35.640781,139.631912,3.94,D
366,Tokyo　University　of　Pharmacy　And　Life　Sciences,Tokyo,35.638222,139.385071,3.82,D
367,Tokyo　University　of　Science,Tokyo,35.699505,139.741348,3.85,B
368,Toho　University,Tokyo,35.570171,139.724884,3.98,D
369,Toyo University,Tokyo,35.724289,139.750763,3.83,C
370,Tokyo　College　of　Music,Tokyo,35.647171,139.699265,4.14,F
371,Nishogakusha　University,Tokyo,35.691261,139.74527,3.67,
372,Nihon　University,Tokyo,35.691322,139.737396,3.71,D
373,Nippon　Medical　School,Tokyo,35.721233,139.758453,3.99,S
374,The　Nippon　Dental　University,Tokyo,35.697971,139.746216,3.16,D
375,Japan　College　of　Social　Work,Tokyo,35.767517,139.508698,3.86,E
376,Japan Women’s University,Tokyo,35.715923,139.721085,4.09,C
377,Japan　Women’s　College　of　Physical　Education,Tokyo,35.676498,139.590546,4.0,F
378,Nippon　Sport　Science　University,Tokyo,35.621609,139.650009,4.03,E
379,Japan　Lutheran　College,Tokyo,35.686474,139.527481,3.97,F
380,Bunka　Gakuen　University,Tokyo,35.685848,139.693954,4.08,E
381,Hosei　University,Tokyo,35.695679,139.74115,3.89,B
382,Hoshi　University,Tokyo,35.618053,139.712601,3.9,B
383,Musashi　University,Tokyo,35.736893,139.666885,3.96,B
384,Tokyo　City　University,Tokyo,35.596542,139.650925,3.88,C
385,Musashino　Academia　Musicae,Tokyo,35.741283,139.672195,3.86,F
386,Meiji　University,Tokyo,35.697712,139.761398,4.01,A
387,Meiji　Gakuin　University,Tokyo,35.636738,139.730743,3.9,B
388,Meiji　Pharmaceutical　University,Tokyo,35.781338,139.50618,3.93,C
389,Rikkyo　University,Tokyo,35.729706,139.704742,4.09,A
390,Rissho　University,Tokyo,35.62101,139.724075,3.76,E
391,Waseda　University,Tokyo,35.710083,139.722244,4.14,S
392,International　College　For　Postgraduate　Buddhist　Studies,Tokyo,35.710667,139.740997,5.0,
393,Gakushuin　Women’s　College,Tokyo,35.706844,139.713242,4.19,D
394,International Professional University of Technology in Tokyo,Tokyo,35.691559,139.698044,4.0,
395,Tokyo Professional University of Health Sciences,Tokyo,35.66444,139.813049,,F
396,Professional University of Information and Management for Innovation,Tokyo,35.711437,139.823807,3.5,F
397,"Graduate School of Leadership and Innovation, Shizenkan University",Tokyo,35.681751,139.773468,,
398,Tokyo　Online　University,Tokyo,35.691559,139.698044,3.78,
399,Professional Institute of International Fashion,Tokyo,35.691559,139.698044,4.0,
400,Komazawa　Women’s　University,Tokyo,35.628113,139.493988,3.74,E
401,Asia　University,Tokyo,35.705235,139.534866,3.75,E
402,J.F.Oberlin　University,Tokyo,35.582386,139.405487,3.8,E
403,Kunitachi　College　of　Music,Tokyo,35.732414,139.410995,4.09,F
404,International　Christian　University,Tokyo,35.686474,139.527481,4.43,S
405,Shirayuri　University,Tokyo,35.668129,139.581207,3.92,E
406,Seikei　University,Tokyo,35.710575,139.572693,3.95,C
407,Tamagawa　University,Tokyo,35.567326,139.464844,3.78,D
408,Tsuda　University,Tokyo,35.721451,139.465271,4.11,C
409,Teikyo　University,Tokyo,35.759392,139.714478,3.71,E
410,Tokyo　Keizai　University,Tokyo,35.700047,139.488266,3.87,D
411,Tokyo　Women’s　College　of　Physical　Education,Tokyo,35.689056,139.427765,3.8,F
412,Tokyo　Union　Theological　Seminary,Tokyo,35.686474,139.527481,2.86,
413,Tokyo　Zokei　University,Tokyo,35.617332,139.334259,3.86,E
414,Toho　Gakuen　School　of　Music,Tokyo,35.659061,139.584274,4.35,F
415,Nippon　Veterinary　And　Life　Science　University,Tokyo,35.701889,139.546646,4.03,
416,Musashino　University,Tokyo,35.631275,139.786896,3.7,D
417,Musashino　Art　University,Tokyo,35.728161,139.449005,4.01,D
418,Meisei　University,Tokyo,35.645657,139.409485,3.75,D
419,WAKO　UNIVERSITY,Tokyo,35.573551,139.463898,3.59,F
420,Kyorin　University,Tokyo,35.677597,139.565598,3.77,D
421,Soka　University,Tokyo,35.687759,139.327942,4.35,E
422,Nihon　Bunka　University,Tokyo,35.633663,139.341354,3.22,F
423,Tokyo　University　of　Technology,Tokyo,35.626556,139.341415,3.56,E
424,Japanese　Red　Cross　College　of　Nursing,Tokyo,35.654263,139.717285,4.38,C
425,Keisen　University,Tokyo,35.60828,139.436417,3.79,F
426,Tama　University,Tokyo,35.630268,139.463898,3.34,F
427,Tokyo　Junshin　University,Tokyo,35.691895,139.335144,3.58,F
428,Kaetsu　University,Tokyo,35.720676,139.514572,3.2,F
429,Tokyo　Fuji　University,Tokyo,35.715672,139.699997,3.48,F
430,LEC Graduate University,Tokyo,35.700062,139.7547,,
431,Digital Hollywood University,Tokyo,35.698673,139.766403,4.25,D
432,Shiraume　Gakuen　University,Tokyo,35.725597,139.451126,3.95,E
433,Tokyo　Healthcare　University,Tokyo,35.631287,139.726364,3.65,E
434,Tokyo　Seiei　College,Tokyo,35.718178,139.856979,3.79,F
435,Business Breakthrough University,Tokyo,35.687626,139.735382,4.23,
436,"Graduate　School　of　Management,　GLOBIS　University",Tokyo,35.685379,139.736298,5.0,
437,Bunka　Fashion　Graduate　University,Tokyo,35.685848,139.693954,,
438,Ohara　Graduate　School　of　Accounting,Tokyo,35.699211,139.756836,3.82,
439,Tokyo　Future　University,Tokyo,35.743179,139.816635,3.87,F
440,Hollywood　Graduate　School　of　Beauty　Business,Tokyo,35.661423,139.729691,3.67,
441,Sbi　Graduate　School,Tokyo,35.664543,139.739487,,
442,Hosen　College　of　Childhood　Education,Tokyo,35.700001,139.678802,3.63,F
443,Tokyo　Ariake　University　of　Medical　And　Health　Sciences,Tokyo,35.64106,139.7966,3.71,F
444,Tokyo　Polytechnic　University,Tokyo,35.692814,139.679535,3.65,E
445,Sanno　University,Tokyo,35.613804,139.661514,3.83,D
446,Yamazaki　University　of　Animal　Health　Technology,Tokyo,35.611378,139.375656,3.57,E
447,University　of　Tokyo　Health　Sciences,Tokyo,35.612213,139.42894,3.39,F
448,The　Graduate　School　of　Project　Design,Tokyo,35.665565,139.713745,,
449,The　Graduate　School　of　Social Design,Tokyo,35.712387,139.706604,,
450,Teikyo　University　of　Science,Tokyo,35.753677,139.789429,3.58,E
451,Seisa　University,Kanagawa,35.265572,138.999374,4.15,
452,Kanagawa　University,Kanagawa,35.484413,139.620773,3.68,D
453,Kanto　Gakuin　University,Kanagawa,35.32428,139.625931,3.54,F
454,Tsurumi　University,Kanagawa,35.506329,139.6707,3.75,F
455,Ferris　University,Kanagawa,35.437656,139.525589,4.06,F
456,Yokohama　College　of　Commerce,Kanagawa,35.498199,139.659317,3.51,F
457,Yashima　Gakuen　University,Kanagawa,35.458904,139.622726,3.42,
458,Institute　of　Information　Security,Kanagawa,35.468109,139.623535,3.28,
459,Yokohama　University　of　Pharmacy,Kanagawa,35.382626,139.49202,3.68,F
460,Azabu　University,Kanagawa,35.573708,139.392426,3.83,E
461,Kanagawa　Dentaluniversity,Kanagawa,35.29361,139.665237,3.11,F
462,Kamakura　Women’s　University,Kanagawa,35.354252,139.538498,3.9,E
463,Shonan　Institute　of　Technology,Kanagawa,35.326111,139.453232,3.76,F
464,Sagami　Women’s　University,Kanagawa,35.533947,139.427368,3.76,F
465,Senzoku　Gakuen　College　of　Music,Kanagawa,35.594688,139.615311,3.86,
466,St.Marianna　University　School　of　Medicine,Kanagawa,35.59956,139.547073,3.76,A
467,Kanagawa　Institute of　Technology,Kanagawa,35.486244,139.343307,3.59,F
468,Showa　University　of　Music,Kanagawa,35.600418,139.508041,4.06,F
469,Toin　University　of　Yokohama,Kanagawa,35.567417,139.521179,3.71,F
470,Toyo　Eiwa　University,Kanagawa,35.508823,139.510101,3.78,F
471,Shoin　University,Kanagawa,35.442726,139.315689,3.47,F
472,Den-En　Chofu　University,Kanagawa,35.595226,139.525146,3.64,F
473,Yokohama　University　of　Art　&　Design,Kanagawa,35.557827,139.497253,3.92,F
474,Japan　Institute　of　The　Moving　Image,Kanagawa,35.604919,139.507553,3.73,F
475,Yokohama　Soei　University,Kanagawa,35.511475,139.510056,3.56,F
476,Shonan　University　of　Medical　Sciences,Kanagawa,35.437679,139.548645,3.72,F
477,SHONAN KAMAKURA UNIVERSITY OF MEDICAL SCIENCES,Kanagawa,35.34156,139.52774,3.67,F
478,Nagaoka　University,Niigata,37.428562,138.880157,3.44,E
479,Niigata　University　of　Health　And　Welfare,Niigata,37.9664,139.188843,3.89,F
480,Niigata　Seiryo　University,Niigata,37.921284,139.025436,3.94,E
481,Niigata　Institute　of　Technology,Niigata,37.338867,138.576767,3.62,F
482,Niigata　University　of　Management,Niigata,37.672485,139.065048,3.73,F
483,Niigata　University　of　International　And　Information　Studies,Niigata,37.816799,138.899292,3.69,D
484,Keiwa　College,Niigata,37.953205,139.2901,3.45,F
485,Niigata　University　of　Pharmacy　and　Applied　Life　Sciences,Niigata,37.77475,139.12204,3.51,F
486,International　University　of　Japan,Niigata,37.1479,138.948013,3.0,
487,Niigata　Sangyo　University,Niigata,37.337311,138.593201,3.73,F
488,Graduate　Institute　For　Entrepreneurial　Studies,Niigata,37.907841,139.061737,,
489,Niigata　University　of　Rehabilitation,Niigata,38.185974,139.439468,3.18,F
490,Niigata　Agro-Food　University,Niigata,37.968521,139.194901,2.75,F
491,Kaishi Professional University,Niigata,37.897717,139.067429,4.0,F
492,Nagaoka Sutoku University,Niigata,37.425255,138.773346,3.75,F
493,Takaoka　University　of　Law,Toyama,36.66967,137.001297,3.43,F
494,Toyama　University　of　International　Studies,Toyama,36.601566,137.273621,3.7,F
495,Toho　Gakuen　Graduate　School,Toyama,36.717968,137.165161,5.0,
496,Kanazawa　Seiryo　University,Ishikawa,36.583309,136.68222,3.77,F
497,Kanazawa　Institute　of　Technology,Ishikawa,36.529015,136.627518,3.69,F
498,Kanazawa　Medical　University,Ishikawa,36.657558,136.647263,3.9,C
499,Hokuriku　University,Ishikawa,36.524445,136.707336,3.46,F
500,Kanazawa　Gakuin　University,Ishikawa,36.515697,136.698029,3.4,F
501,Kinjo　University,Ishikawa,36.508892,136.529785,3.84,F
502,Hokurikugakuin　University,Ishikawa,36.517262,136.670761,3.81,F
503,Kanazawa Professional University of Food Management,Ishikawa,36.543907,136.586166,,F
504,Fukui　University　of　Technology,Fukui,36.068718,136.196365,3.59,E
505,Jin-Ai　University,Fukui,35.891541,136.211166,3.85,F
506,Fukui　Health　Science　University,Fukui,36.130241,136.165817,3.56,F
507,Yamanashi　Gakuin　University,Yamanashi,35.657879,138.600906,3.74,F
508,Minobusan　University,Yamanashi,35.383202,138.428558,5.0,F
509,Yamanashi-Eiwa　College,Yamanashi,35.661758,138.613174,3.66,F
510,Health　Science　University,Yamanashi,35.464031,138.744141,3.58,F
511,Matsumoto　Dental　University,Nagano,36.127342,137.939728,3.1,F
512,Matsumoto　University,Nagano,36.220024,137.911194,3.91,E
513,Seisen　Jogakuin　College,Nagano,36.685642,138.23291,4.1,F
514,Saku　University,Nagano,36.265114,138.463028,3.89,F
515,Nagano　University　of　Health　And　Medicine,Nagano,36.593323,138.145218,3.87,E
516,MATSUMOTO COLLEGE OF NURSING,Nagano,36.174709,137.93544,3.0,F
517,Chukyo　Gakuin　University,Gifu,35.476894,137.485397,3.64,F
518,Gifu　Kyoritsu　University,Gifu,35.39423,136.619125,3.46,F
519,Gifu　Women’s　University,Gifu,35.487743,136.806992,3.77,F
520,Asahi　University,Gifu,35.382084,136.69072,3.76,E
521,Gifu　Shotoku　Gakuen　University,Gifu,35.361855,136.706558,4.09,E
522,Tokai　Gakuin　University,Gifu,35.424854,136.82048,3.52,F
523,Chubu　Gakuin　University,Gifu,35.45853,136.897781,3.86,F
524,Gifu　University　of　Medical　Science,Gifu,35.490181,136.948273,3.79,E
525,Gifu University of Health Sciences,Gifu,35.38459,136.739914,3.91,F
526,The　Graduate　School　For　The　Creation　of　New　Photonics　Industries,Shizuoka,34.776619,137.630966,,
527,Shizuoka　University　of　Welfare,Shizuoka,34.829826,138.296936,3.89,F
528,Hamamatsu　Gakuin　University,Shizuoka,34.719769,137.713333,3.93,F
529,Shizuoka　Eiwa　Gakuin　University,Shizuoka,34.982883,138.433868,3.54,F
530,Tokoha　University,Shizuoka,35.004887,138.436478,3.77,F
531,Shizuoka　Institute　of　Science　And　Technology,Shizuoka,34.73632,137.957748,3.59,E
532,Seirei　Christopher　University,Shizuoka,34.791798,137.689636,4.0,F
533,Shizuoka　Sangyo　University,Shizuoka,34.861412,138.229004,3.64,F
534,Aichi　University　of　Technology,Aichi,34.832626,137.19342,3.5,F
535,Nagoya　Sangyo　University,Aichi,35.21994,137.031418,3.63,F
536,University　of　Human　Environments,Aichi,34.897923,137.264633,3.58,E
537,Nagoya　Bunri　University,Aichi,35.248829,136.789261,3.68,F
538,Aichi　Mizuho　College,Aichi,35.127125,136.921875,3.46,F
539,Aichi　Gakuin　University,Aichi,35.158417,137.042679,3.83,E
540,Aichi　Institute　of　Technology,Aichi,35.184185,137.111893,3.67,D
541,Kinjogakuin　University,Aichi,35.208553,136.99321,4.02,E
542,Sugiyama　Jogakuen　University,Aichi,35.159889,136.987167,3.98,E
543,Daido　University,Aichi,35.078518,136.905609,3.71,E
544,Chukyo　University,Aichi,35.138783,136.965393,3.81,C
545,Doho　University,Aichi,35.163673,136.843185,3.62,F
546,Nagoya　Gakuin　University,Aichi,35.128548,136.89859,3.6,E
547,Nagoya　University　of　Commerce　&　Business,Aichi,35.147362,137.082047,3.37,F
548,Nagoya　Women’s　University,Aichi,35.131889,136.938492,3.79,E
549,Nanzan　University,Aichi,35.14901,136.96315,3.96,C
550,Nihon　Fukushi　University,Aichi,34.783028,136.872833,3.76,F
551,Meijo　University,Aichi,35.135921,136.976532,3.84,C
552,Nagoya　College　of　Music,Aichi,35.163673,136.843185,3.86,E
553,Toyota　Technological　Institute,Aichi,35.106468,136.982498,3.76,B
554,Nagoya　University　of　Foreign　Studies,Aichi,35.155373,137.040131,3.89,C
555,Nagoya　Zokei　University　of　Art　;　Design,Aichi,35.189964,136.905731,3.65,E
556,Aichi　Sangyo　University,Aichi,34.919106,137.219589,3.8,F
557,Tokai　Gakuen　University,Aichi,35.126869,137.098785,3.56,F
558,Toyohashi　Sozo　University,Aichi,34.776573,137.409988,3.54,F
559,Aichi　Toho　University,Aichi,35.170525,136.986328,3.54,F
560,Seijoh　University,Aichi,35.033436,136.900803,3.75,F
561,Aichi　Bunkyo　University,Aichi,35.300236,137.007355,3.55,F
562,Ohkagakuen　University,Aichi,35.05722,136.973251,4.21,F
563,Aichi　University,Aichi,35.174255,136.927292,3.83,D
564,Aichi　Gakusen　University,Aichi,34.972233,137.143311,3.41,F
565,Shigakkan　University,Aichi,35.031044,136.972305,3.58,E
566,Chubu　University,Aichi,35.274693,137.015121,3.73,E
567,Fujita　Health　University,Aichi,35.070999,137.001389,3.73,C
568,Nagoya　University　of　The　Arts,Aichi,35.256161,136.880783,3.72,F
569,Aichi　Medical　University,Aichi,35.19241,137.048386,3.76,B
570,Aichi　Shukutoku　University,Aichi,35.15873,137.031342,3.84,D
571,Nagoya　University　of　Economics,Aichi,35.319664,136.953247,3.38,F
572,Nagoya　University　of　Arts　And　Sciences,Aichi,35.155373,137.040131,4.16,C
573,Japanese　Red　Cross　Toyota　College　of　Nursing,Aichi,35.100468,137.120712,3.88,E
574,Shubun　University,Aichi,35.300484,136.781296,3.47,F
575,Okazaki　Women’s　University,Aichi,34.954697,137.185226,4.1,F
576,Ichinomiya　Kenshin　College,Aichi,35.316635,136.811523,4.0,E
577,Nagoya Ryujo Women's University,Aichi,35.146511,136.932465,4.12,F
578,International Professional University of Technology in Nagoya,Aichi,35.16843,136.8862,5.0,
579,Yokkaichi　University,Mie,35.022343,136.605225,3.65,F
580,Kogakkan　University,Mie,34.488365,136.726547,3.9,E
581,Suzuka　University　of Medical　Science,Mie,34.858315,136.59938,3.59,E
582,Suzuka　University,Mie,34.8144,136.534454,3.51,F
583,Yokkaichi　Nursing　And　Medical　Care　University,Mie,35.022343,136.605225,3.76,E
584,Seian　University　of　Art　And　Design,Shiga,35.107018,135.902008,3.75,C
585,Seisen　University,Shiga,35.20517,136.204422,3.39,F
586,Nagahama　Institute　of　Bio-Science　And　Technology,Shiga,35.356911,136.28038,3.76,E
587,Biwako　Seikei　Sport　College,Shiga,35.227333,135.94754,3.88,F
588,Biwako-Gakuin　University,Shiga,35.088188,136.184052,3.63,F
589,Biwako Professional University of Rehabilitation,Shiga,35.132339,136.275558,5.0,F
590,Heian Jogakuin st.Agnes University,Kyoto,35.019299,135.757797,3.85,F
591,Otani　University,Kyoto,35.042549,135.759064,3.88,F
592,Kyoto　University　of　Foreign　Studies,Kyoto,35.004147,135.718948,3.81,D
593,Kyoto　Sangyo　University,Kyoto,35.066345,135.754211,3.81,D
594,Kyoto　Women’s　University,Kyoto,34.989666,135.778442,3.91,D
595,Kyoto　　　　Pharmaceutical　　University,Kyoto,34.990833,135.809723,3.97,C
596,Kyoto　Koka　Women’s　University,Kyoto,34.996956,135.718384,3.79,F
597,Shuchiin　University,Kyoto,34.912777,135.766678,3.97,F
598,Kyoto　Tachibana　University,Kyoto,34.968323,135.82515,3.94,D
599,Doshisha　University,Kyoto,34.968323,135.82515,4.06,B
600,Doshisha　Women’s　College　of　Liberal　Arts,Kyoto,34.80452,135.772675,4.15,D
601,Kyoto　Notre　Dame　University,Kyoto,35.051197,135.770004,3.98,F
602,Hanazono　University,Kyoto,35.01722,135.726288,3.83,F
603,Bukkyo　University,Kyoto,35.043476,135.737289,3.89,E
604,Ritsumeikan　University,Kyoto,35.009155,135.742157,3.9,B
605,Ryukoku　University,Kyoto,34.963924,135.766693,3.85,D
606,Kyoto University of Advanced Science,Kyoto,35.010235,135.719025,3.51,F
607,Kyoto　Seika　University,Kyoto,35.075008,135.769882,3.92,D
608,Meiji　University　of　Integrative　Medicine,Kyoto,35.173378,135.487335,3.78,F
609,Kyoto　University　of　the Arts,Kyoto,35.037243,135.794586,3.88,E
610,Kyoto　Bunkyo　University,Kyoto,34.914272,135.785049,3.76,F
611,Kyoto　Saga　University　of　Arts,Kyoto,35.013035,135.688416,3.93,E
612,The　Kyoto　College　of　Graduate　Studies　For　Informatics,Kyoto,35.030453,135.779221,,
613,Kyoto　College　of　Medical　Science,Kyoto,35.102692,135.479446,3.86,E
614,Kyoto　Kacho　University,Kyoto,35.007614,135.780304,3.82,F
615,Kyoto　Arts　And　Crafts　University,Kyoto,35.007614,135.780304,4.03,E
616,Kyoto　College　of　Nursing,Kyoto,34.997562,135.73465,3.25,E
617,Osaka　University　of　Economics,Osaka,34.750027,135.543991,3.78,E
618,Osaka　Institute　of　Technology,Osaka,34.730782,135.54538,3.81,D
619,Osaka　Dental　University,Osaka,34.858795,135.676361,3.61,D
620,Soai　University,Osaka,34.634575,135.424088,3.79,F
621,Momoyama　Gakuin　University,Osaka,34.452583,135.454117,3.58,E
622,Setsunan　University,Osaka,34.779728,135.613068,3.64,E
623,Momoyama　Gakuin　University　of　Education,Osaka,34.483715,135.533585,3.66,E
624,Osaka Medical and Pharmaceutical University,Osaka,34.85186,135.624405,4.11,B
625,Osaka　College　of　Music,Osaka,34.753349,135.470444,4.0,F
626,Osaka　Gakuin　University,Osaka,34.773399,135.541901,3.58,E
627,Osaka University of Arts,Osaka,34.51239,135.630569,3.79,E
628,Osaka　Sangyo　University,Osaka,34.70779,135.646149,3.46,F
629,Osaka　Shoin　Women’s　University,Osaka,34.663212,135.578369,3.86,F
630,Osaka　University　of　Commerce,Osaka,34.666237,135.583664,3.56,E
631,Osaka　University　of　Health　And　Sport　Sciences,Osaka,34.380264,135.358826,4.13,E
632,Osaka　Electro-Communication　University,Osaka,34.760239,135.627777,3.78,E
633,Osaka　Ohtani　University,Osaka,34.481937,135.58226,3.78,E
634,Otemon　Gakuin　University,Osaka,34.846218,135.558502,3.56,D
635,Kansai　University,Osaka,34.769669,135.510162,3.95,B
636,Kansai　Medical　University,Osaka,34.818779,135.645493,4.07,C
637,Kansai　Gaidai　University,Osaka,34.822128,135.667068,3.71,C
638,Kindai　University,Osaka,34.65155,135.587158,3.86,C
639,Shitennoji　University,Osaka,34.54615,135.583755,3.88,E
640,Tezukayamagakuin　University,Osaka,34.489052,135.532791,3.85,E
641,Baika　Women’s　University,Osaka,34.841614,135.535049,3.83,E
642,Hannan　University,Osaka,34.592194,135.534409,3.76,E
643,Osaka　University　of　Economics　and　Law,Osaka,34.641026,135.645554,3.53,E
644,Osaka　International　University,Osaka,34.748039,135.603439,3.78,E
645,Kansai　University　of　Welfare　Sciences,Osaka,34.559875,135.636398,3.79,F
646,Taisei　Gakuin　University,Osaka,34.526031,135.578201,3.32,F
647,Tokiwakai Gakuen　University,Osaka,34.616505,135.561798,3.82,F
648,Osaka　University　of　Tourism,Osaka,34.392704,135.339508,3.39,F
649,Osaka　University　of　Human　Sciences,Osaka,34.779377,135.547882,3.6,F
650,Hagoromo　University　of　International　Studies,Osaka,34.534309,135.447662,3.51,F
651,Osaka　Seikei　University,Osaka,34.758598,135.537384,3.71,E
652,Kansai　University　of　Health　Sciences,Osaka,34.406616,135.3703,3.92,E
653,Senri　Kinran　University,Osaka,34.826584,135.515549,3.8,F
654,Higashiosaka　College,Osaka,34.674828,135.580933,3.83,F
655,Osaka　Jogakuin　University,Osaka,34.676949,135.526535,3.91,F
656,Aino　University,Osaka,34.843227,135.581833,3.53,E
657,Osaka　Aoyama　University,Osaka,34.83382,135.457367,3.73,E
658,Shijonawate　Gakuen　University,Osaka,34.727669,135.646805,3.9,F
659,Osaka　Kawasaki　Rehabilitation　University,Osaka,34.404541,135.38707,3.8,
660,Osaka　University　of　Comprehensive　Children　Education,Osaka,34.60725,135.538864,4.06,E
661,Morinomiya　University　of　Medical　Sciences,Osaka,34.641914,135.413635,3.9,D
662,Osaka　Health　Science　University,Osaka,34.693417,135.519669,4.01,F
663,Butsuryo　College　of　Osaka,Osaka,34.538174,135.462921,3.51,F
664,Jikei University of Health Care Sciences,Osaka,34.734314,135.500031,4.0,F
665,Osaka　Yukioka　College　of　Health　Science,Osaka,34.828323,135.580566,3.41,F
666,Yamato　University,Osaka,34.765766,135.519043,3.7,C
667,Takarazuka　University,Osaka,34.707886,135.497284,3.55,F
668,International Professional University of Technology in Osaka,Osaka,34.699421,135.49324,4.0,
669,Konan　University,Hyogo,34.729561,135.268463,3.88,D
670,Konan　Women’s　University,Hyogo,34.734211,135.288895,3.98,E
671,Kobe　Kaisei　College,Hyogo,34.712616,135.21196,3.87,F
672,Kobe　Gakuin　University,Hyogo,34.672279,135.203583,3.6,E
673,Kobe　Women’s　University,Hyogo,34.658886,135.109131,3.84,E
674,Kobe　Pharmaceutical　University,Hyogo,34.732506,135.283752,3.68,D
675,Kobe　Shoin　Women’s　University,Hyogo,34.72765,135.229904,3.86,E
676,Kobe　Shinwa　Women’S　University,Hyogo,34.727726,135.154785,3.9,
677,Kobe　International　University,Hyogo,34.681519,135.271103,3.66,F
678,Hyogo　University,Hyogo,34.746761,134.881317,3.68,F
679,Kobe　Tokiwa　University,Hyogo,34.6661,135.140472,3.8,E
680,Takarazuka　University　of　Medical　and　Health　Care,Hyogo,34.835621,135.401855,3.7,F
681,Ashiya　University,Hyogo,34.753239,135.30777,3.67,F
682,Otemae　University,Hyogo,34.737976,135.325104,3.63,E
683,Kwansei　Gakuin　University,Hyogo,34.767162,135.34436,4.0,B
684,Koshien　University,Hyogo,34.806511,135.33316,3.55,F
685,Kobe　College,Hyogo,34.759605,135.350464,4.23,E
686,Sonoda　Women’s　University,Hyogo,34.749084,135.411011,3.59,F
687,Mukogawa　Women’s　University,Hyogo,34.717453,135.374451,4.01,D
688,Hyogo　Medical　University,Hyogo,34.719002,135.378647,3.94,D
689,Himeji　Dokkyo　University,Hyogo,34.873276,134.688828,3.71,F
690,University　of　Marketing　And　Distribution　Sciences,Hyogo,34.687099,135.057877,3.78,E
691,Kobe　Design　University,Hyogo,34.677147,135.055939,3.78,F
692,Kansai　University　of　Social　Welfare,Hyogo,34.761024,134.368454,3.74,E
693,Kansai　University　of　International　Studies,Hyogo,34.771805,135.044052,3.57,F
694,Kobe　University　of　Welfare,Hyogo,34.97525,134.726196,3.67,F
695,Kobe　Institute　of　Computing　-　Graduate　School　of　Information　Technology,Hyogo,34.698917,135.193039,3.63,
696,Kansai　University　of　Nursing　And　Health　Sciences,Hyogo,34.4356,134.901291,3.9,E
697,Hyogo　University　of　Health　Sciences,Hyogo,34.666256,135.203979,3.99,
698,Himeji　University,Hyogo,34.773808,134.75943,3.72,F
699,Tezukayama　University,Nara,34.686455,135.722137,3.7,E
700,Tenri　University,Nara,34.597195,135.845306,4.17,E
701,Nara　University,Nara,34.714764,135.783218,3.86,F
702,Naragakuen　University,Nara,34.721218,135.747269,3.76,F
703,Kio　University,Nara,34.546612,135.723099,4.04,D
704,Tenri　Health　Care　University,Nara,34.607342,135.83638,3.53,
705,Koyasan　University,Wakayama,34.211441,135.585602,4.33,F
706,Wakayama Shin-ai University,Wakayama,34.236881,135.176102,3.79,F
707,Wakayama　Professional　University of Rehabilitation,Wakayama,34.233154,135.163116,,F
708,Tottori　College　of　Nursing,Tottori,35.456047,133.859024,4.23,E
709,Kibi　International　University,Okayama,34.796394,133.620956,3.67,F
710,Okayama　Shoka　University,Okayama,34.683128,133.90094,3.71,F
711,Okayama　University　of　Science,Okayama,34.695194,133.924484,3.69,F
712,Kurashiki　Sakuyo　University,Okayama,34.574867,133.677567,3.84,F
713,Notre　Dame　Seishin　University,Okayama,34.672947,133.916412,4.08,C
714,Kawasaki　Medical　School,Okayama,34.631077,133.809937,3.57,A
715,Shujitsu　University,Okayama,34.676815,133.93541,3.96,E
716,Kawasaki　University　of　Medical　Welfare,Okayama,34.63422,133.810959,3.79,F
717,Sanyo　Gakuen　University,Okayama,34.642506,133.94426,3.57,F
718,Kurashiki　University　of　Science　And　The　Arts,Okayama,34.555973,133.712479,3.63,F
719,Okayama　Gakuin　University,Okayama,34.572922,133.799286,3.43,F
720,Chugokugakuen　University,Okayama,34.650665,133.849426,3.76,F
721,International　Pacific　University,Okayama,34.729137,134.012451,3.75,F
722,Okayama Healthcare Professional University,Okayama,34.656384,133.916397,2.0,F
723,Mimasaka　University,Okayama,35.076176,134.00824,4.09,E
724,Elisabeth　University　of　Music,Hiroshima,34.395115,132.467819,3.54,F
725,Hiroshima　University　of　Economics,Hiroshima,34.447708,132.455368,3.74,F
726,Hiroshima　Institute　of　Technology,Hiroshima,34.370216,132.342941,3.69,E
727,Hiroshima　Shudo　University,Hiroshima,34.435001,132.403549,3.89,E
728,Hiroshima　Jogakuin　University,Hiroshima,34.413734,132.484268,3.9,F
729,Hiroshima　Kokusai　Gakuin　University,Hiroshima,34.410328,132.579514,3.58,
730,Hiroshima　Bunkyo　University,Hiroshima,34.505554,132.51973,4.08,E
731,Yasuda　Women’s　University,Hiroshima,34.480515,132.452377,4.28,E
732,Fukuyama　University,Hiroshima,34.463791,133.244263,3.76,F
733,Hijiyama　University,Hiroshima,34.427959,132.474304,3.73,F
734,Fukuyama　Heisei　University,Hiroshima,34.54808,133.346588,3.7,F
735,Hiroshima　Bunka　Gakuen　University,Hiroshima,34.288696,132.637268,3.52,F
736,Hiroshima　InternationalUniversity,Hiroshima,34.313538,132.687531,3.61,E
737,Japanese　Red　Cross　Hiroshima　College　of　Nursing,Hiroshima,34.335869,132.309082,3.9,E
738,Hiroshima　Cosmopolitan　University,Hiroshima,34.359978,132.457932,3.41,F
739,Baiko　Gakuin　University,Yamaguchi,33.967678,130.933243,3.34,F
740,The　University　of　East　Asia,Yamaguchi,34.000916,130.948242,3.86,F
741,Shiseikan　University,Yamaguchi,34.426121,131.413086,3.47,F
742,Ube　Frontier　University,Yamaguchi,33.980694,131.234238,3.84,F
743,Yamaguchi　Gakugei　University,Yamaguchi,34.120808,131.401886,4.01,F
744,Shikoku　University,Tokushima,34.102814,134.553314,3.78,F
745,Tokushima　Bunri　University,Tokushima,34.072392,134.553452,3.74,F
746,Shikoku　Gakuin　University,Kagawa,34.225399,133.785568,3.74,F
747,Takamatsu　University,Kagawa,34.32811,134.087769,3.84,F
748,Matsuyama　University,Ehime,33.851158,132.767639,3.7,F
749,St.Catherine　University,Ehime,33.978985,132.779617,3.97,F
750,Matsuyama　Shinonome　College,Ehime,33.831757,132.796432,3.97,F
751,Kochi Professional University of Rehabilitation,Kochi,33.500893,133.410797,4.0,F
752,Kochi　Gakuen University,Kochi,33.560822,133.506653,4.0,F
753,Kyushu　Kyoritsu　University,Fukuoka,33.870468,130.703064,3.7,F
754,Kyushu　Women’s　University,Fukuoka,33.870468,130.703064,3.64,F
755,Kyushu　International　University,Fukuoka,33.86253,130.79277,3.56,F
756,Fukuoka　Dental　College,Fukuoka,33.546623,130.331177,3.44,F
757,Kyushu　Sangyo　University,Fukuoka,33.670216,130.444656,3.86,E
758,Kurume University,Fukuoka,33.328121,130.511475,3.83,E
759,Seinan　Gakuin　University,Fukuoka,33.584869,130.356842,4.02,C
760,Daiichi　University　of　Pharmacy,Fukuoka,33.565372,130.417648,3.39,F
761,Nakamura　Gakuen　University,Fukuoka,33.573196,130.367905,4.04,E
762,Nishinippon　Institute　of　Technology,Fukuoka,33.753147,130.973511,3.87,F
763,Fukuoka　University,Fukuoka,33.546928,130.363129,3.98,D
764,Fukuoka　Institute　of　Technology,Fukuoka,33.696144,130.441742,3.87,E
765,Japan　University　of　Economics,Fukuoka,33.506367,130.527756,3.7,F
766,Kurume　Institute　of　Technology,Fukuoka,33.270023,130.526123,3.68,F
767,"University　of　Occupational　and　Environmental　Health,　Japan",Fukuoka,33.876781,130.709549,3.76,C
768,Chikushi　Jogakuen　University,Fukuoka,33.512836,130.537613,3.97,F
769,Fukuoka　Jo　Gakuin　University,Fukuoka,33.53281,130.441666,3.92,F
770,Seinan　Jo　Gakuin　University,Fukuoka,33.88451,130.849899,3.78,F
771,Kyushu　Institute　of　Information　Sciences　University,Fukuoka,33.525135,130.53717,3.71,F
772,Kyushu　Nutrition　Welfare　University,Fukuoka,33.877014,130.858078,3.9,F
773,Japanese　Red　Cross　Kyushu　International　College　of　Nursing,Fukuoka,33.796188,130.609161,3.88,F
774,St.Mary’s　College,Fukuoka,33.304573,130.509384,3.74,E
775,Cyber University,Fukuoka,33.662762,130.423126,3.83,
776,Fukuoka　Jo　Gakuin　Nursing　University,Fukuoka,33.740604,130.473541,4.52,E
777,College　of　Healthcare　Management,Fukuoka,33.146324,130.459808,3.24,
778,Junshin　Gakuen　University,Fukuoka,33.558674,130.420029,3.45,E
779,Fukuoka　Nursing　College,Fukuoka,33.546623,130.331177,3.0,F
780,Fukuoka International University of Health and Welfare,Fukuoka,33.591415,130.349396,3.74,E
781,Nishikyushu　University,Saga,33.331242,130.344986,3.83,F
782,Nagasaki　Institute　of　Applied　Science,Nagasaki,32.750111,129.942505,3.65,F
783,Kwassui　Women’s　University,Nagasaki,32.738106,129.873413,3.76,F
784,Nagasaki　Junshin　Catholic　University,Nagasaki,32.802841,129.907333,3.92,F
785,Nagasaki　International　University,Nagasaki,33.101685,129.789978,3.95,F
786,Nagasaki　University　of　Foreign　Studies,Nagasaki,32.814011,129.841446,3.76,F
787,Nagasaki Wesleyan University,Nagasaki,32.858086,130.030273,3.71,F
788,Sojo　University,Kumamoto,32.831253,130.695465,3.85,E
789,Kumamoto　Gakuen　University,Kumamoto,32.804508,130.728745,3.8,E
790,Shokei　University,Kumamoto,32.797447,130.716278,3.51,F
791,Kyushu　Lutheran　College,Kumamoto,32.820332,130.722031,4.28,E
792,Kyushu　University　of　Nursing　And　Social　Welfare,Kumamoto,32.946815,130.553604,3.72,F
793,Heisei　College　of　Music,Kumamoto,32.712303,130.791824,3.72,
794,Kumamoto　Health　Science　University,Kumamoto,32.852104,130.68782,4.11,E
795,Nippon　Bunri　University,Oita,33.231152,131.725113,3.63,F
796,Beppu　University,Oita,33.312283,131.490509,3.87,F
797,Ritsumeikan　Asia　Pacific　University,Oita,33.284721,131.491104,3.94,C
798,Minami　Kyushu　University,Miyazaki,31.93807,131.414932,4.11,
799,Miyazaki　Sangyo-Keiei　University,Miyazaki,31.882841,131.404449,3.78,F
800,Miyazaki　International　College,Miyazaki,31.87104,131.387329,3.68,F
801,Kyushu　University　of　Health　And　Welfare,Miyazaki,32.56876,131.613464,3.64,
802,The　International　University　of　Kagoshima,Kagoshima,31.493916,130.496445,3.89,F
803,Daiichi　Institute　of　Technology,Kagoshima,31.745907,130.768463,4.02,F
804,Shigakukan　University,Kagoshima,31.559242,130.542252,3.84,F
805,Kagoshima　Immaculate　Heart　University,Kagoshima,31.826616,130.327606,4.04,F
806,Okinawa　Institute　of　Science　and　Technology　Graduate　University,Okinawa,26.464243,127.830719,3.64,
807,Okinawa　International　University,Okinawa,26.263245,127.755028,3.95,E
808,Okinawa　University,Okinawa,26.200539,127.699211,3.88,F
809,Okinawa　Christian　University,Okinawa,26.23896,127.754646,4.23,F
810,R Professional University of Rehabilitation,Ibaraki,36.084904,140.212311,2.0,F
811,Osaka Shin-Ai  Gakuin University,Osaka,34.711761,135.559464,,F
812,Reiwa Health Sciences University,Fukuoka,33.690834,130.432571,3.5,F
